[Atendimento](/atendimento "Precisa de ajuda?" )[Minha Conta](/account "Edite
as informações da sua Conta" )[Meus Pedidos](/account/orders "Confira os seus
pedidos" )__ Atendimento: (11) 2463-3299

[![Farma 22](//farma22.vteximg.com.br/arquivos/far.bel.brand-logo-v2.png)](/
"" )

[__() Item() Itens](/checkout/#/cart)

Buscar no siteBuscarTodo o siteMedicamentosSaúdeHigiene e
CuidadosDermocosméticosMãe e BebêNutriçãoPerfumes

  * [__Meus Pedidos](/account/orders "Acompanhe seus pedidos já realizados" )
  * [__Minha conta](/account/ "Acompanhe seus pedidos já realizados" )

[__() Item() Itens](/checkout/#/cart)

__MENU

  * [Medicamentos](/medicamentos "Medicamentos" )
    *       * [Acessórios Medicamentos](/medicamentos/acessorios-medicamentos "Acessórios Medicamentos" )
      * [Antibióticos](/medicamentos/antibioticos "Antibióticos" )
      * [Aparelho Auditivo](/medicamentos/aparelho-auditivo "Aparelho Auditivo" )
      * [Aparelho Digestivo](/medicamentos/aparelho-digestivo "Aparelho Digestivo" )
      * [Aparelho Respiratório](/medicamentos/aparelho-respiratorio "Aparelho Respiratório" )
      * [Aparelho Urinário](/medicamentos/aparelho-urinario "Aparelho Urinário" )
      * [Cabelo](/medicamentos/cabelo "Cabelo" )
      * [Cardiovascular e Circulação](/medicamentos/cardiovascular-e-circulacao "Cardiovascular e Circulação" )
      * [Colesterol](/medicamentos/colesterol "Colesterol" )
      * [Diabetes](/medicamentos/diabetes "Diabetes" )
    *       * [Dor e Febre](/medicamentos/dor-e-febre "Dor e Febre" )
      * [Gripe, Febre e Resfriado](/medicamentos/gripe-febre-e-resfriado "Gripe, Febre e Resfriado" )
      * [Homeopatia](/medicamentos/homeopatia "Homeopatia" )
      * [Infecção](/medicamentos/infeccao "Infecção" )
      * [Inflamação](/medicamentos/inflamacao "Inflamação" )
      * [Medicamentos Especiais](/medicamentos/medicamentos-especiais "Medicamentos Especiais" )
      * [Olhos](/medicamentos/olhos "Olhos" )
      * [Osteoporose](/medicamentos/osteoporose "Osteoporose" )
      * [Pare de Fumar](/medicamentos/pare-de-fumar "Pare de Fumar" )
    *       * [Pele](/medicamentos/pele "Pele" )
      * [Processos Alérgicos](/medicamentos/processos-alergicos "Processos Alérgicos" )
      * [Produtos Refrigerados](/medicamentos/produtos-refrigerados "Produtos Refrigerados" )
      * [Saúde da Mulher](/medicamentos/saude-da-mulher "Saúde da Mulher" )
      * [Saúde do Homem](/medicamentos/saude-do-homem "Saúde do Homem" )
      * [Sistema Nervoso](/medicamentos/sistema-nervoso "Sistema Nervoso" )
      * [Tireóide](/medicamentos/tireoide "Tireóide" )
      * [Vermes e Parasitas](/medicamentos/vermes-e-parasitas "Vermes e Parasitas" )
      * [Vitaminas e Minerais](/medicamentos/vitaminas-e-minerais "Vitaminas e Minerais" )
  * [Dermocosméticos](/dermocosmeticos "Dermocosméticos" )
    *       * [Cabelo](/dermocosmeticos/cabelo "Cabelo" )
      * [Corpo](/dermocosmeticos/corpo "Corpo" )
      * [Mãos](/dermocosmeticos/maos "Mãos" )
      * [Nutri Cosméticos](/dermocosmeticos/nutri-cosmeticos "Nutri Cosméticos" )
      * [Pés](/dermocosmeticos/pes "Pés" )
      * [Proteção Solar](/dermocosmeticos/protecao-solar "Proteção Solar" )
      * [Rosto](/dermocosmeticos/rosto "Rosto" )
  * [Higiene e Cuidados](/higiene-e-cuidados "Higiene e Cuidados" )
    *       * [Repelente](/higiene-e-cuidados/repelente "Repelente" )
      * [Absorvente](/higiene-e-cuidados/absorvente "Absorvente" )
      * [Cuidados com o Cabelo](/higiene-e-cuidados/cuidados-com-o-cabelo "Cuidados com o Cabelo" )
      * [Cuidados Corporais](/higiene-e-cuidados/cuidados-corporais "Cuidados Corporais" )
      * [Cuidados Faciais](/higiene-e-cuidados/cuidados-faciais "Cuidados Faciais" )
      * [Geriátrico](/higiene-e-cuidados/geriatrico "Geriátrico" )
      * [Higiene Oral](/higiene-e-cuidados/higiene-oral "Higiene Oral" )
      * [Higiene Pessoal](/higiene-e-cuidados/higiene-pessoal "Higiene Pessoal" )
      * [Linha Infantil](/higiene-e-cuidados/linha-infantil "Linha Infantil" )
      * [Linha Solar](/higiene-e-cuidados/linha-solar "Linha Solar" )
      * [Manicure e Pedicure](/higiene-e-cuidados/manicure-e-pedicure "Manicure e Pedicure" )
      * [Maquiagem](/higiene-e-cuidados/maquiagem "Maquiagem" )
      * [Saúde e Bem Estar](/higiene-e-cuidados/saude-e-bem-estar "Saúde e Bem Estar" )
  * [Mãe e Bebê](/mae-e-bebe "Mãe e Bebê" )
    *       * [Acessórios Bebê](/mae-e-bebe/acessorios-bebe "Acessórios Bebê" )
      * [Alimentação Infantil](/mae-e-bebe/alimentacao-infantil "Alimentação Infantil" )
      * [Assaduras](/mae-e-bebe/assaduras "Assaduras" )
      * [Colônia e Hidratante](/mae-e-bebe/colonia-e-hidratante "Colônia e Hidratante" )
      * [Gestante](/mae-e-bebe/gestante "Gestante" )
      * [Hora do Banho](/mae-e-bebe/hora-do-banho "Hora do Banho" )
      * [Pós Banho](/mae-e-bebe/pos-banho "Pós Banho" )
      * [Proteção Contra Insetos](/mae-e-bebe/protecao-contra-insetos "Proteção Contra Insetos" )
      * [Protetor Solar](/mae-e-bebe/protetor-solar "Protetor Solar" )
      * [Saúde Bucal](/mae-e-bebe/saude-bucal "Saúde Bucal" )
      * [Troca do Bebê](/mae-e-bebe/troca-do-bebe "Troca do Bebê" )
  * [Saúde](/saude "Saude" )
    *       * [Acessórios Diabetes](/saude/acessorios-diabetes "Acessórios Diabetes" )
      * [Acessórios Ouvido](/saude/acessorios-ouvido "Acessórios Ouvido" )
      * [Aparelhos](/saude/aparelhos "Aparelhos" )
      * [Cirúrgicos](/saude/cirurgicos "Cirúrgicos" )
      * [Cuidados com a Casa](/saude/cuidados-com-a-casa "Cuidados com a Casa" )
      * [Inaladores e Umidificadores](/saude/inaladores-e-umidificadores "Inaladores e Umidificadores" )
      * [Meias](/saude/meias "Meias" )
      * [Olhos](/saude/olhos "Olhos" )
      * [Ortopedia](/saude/ortopedia "Ortopedia" )
      * [Primeiros Socorros](/saude/primeiros-socorros "Primeiros Socorros" )
      * [Vida Sexual](/saude/vida-sexual "Vida Sexual" )
  * [Nutrição](/nutricao "Nutrição" )
    *       * [Adoçante](/nutricao/adocante "Adoçante" )
      * [Alimentos](/nutricao/alimentos "Alimentos" )
      * [Barra de Cereal](/nutricao/barra-de-cereal "Barra de Cereal" )
      * [Bebidas](/nutricao/bebidas "Bebidas" )
      * [Chá](/nutricao/cha "Chá" )
      * [Massa Muscular](/nutricao/massa-muscular "Massa Muscular" )
      * [Mel](/nutricao/mel "Mel" )
      * [Pastilhas e Gomas](/nutricao/pastilhas-e-gomas "Pastilhas e Gomas" )
      * [Suplemento Alimentar](/nutricao/suplemento-alimentar "Suplemento Alimentar" )
  * [Perfumes](/perfumes "Perfumes" )

Menu de teste
.............................................................................................

  * [Medicamentos](/medicamentos "Medicamentos" )
    *       * [Acessórios Medicamentos](/medicamentos/acessorios-medicamentos "Acessórios Medicamentos" )
      * [Antibióticos](/medicamentos/antibioticos "Antibióticos" )
      * [Aparelho Auditivo](/medicamentos/aparelho-auditivo "Aparelho Auditivo" )
      * [Aparelho Digestivo](/medicamentos/aparelho-digestivo "Aparelho Digestivo" )
      * [Aparelho Respiratório](/medicamentos/aparelho-respiratorio "Aparelho Respiratório" )
      * [Aparelho Urinário](/medicamentos/aparelho-urinario "Aparelho Urinário" )
      * [Cabelo](/medicamentos/cabelo "Cabelo" )
      * [Cardiovascular e Circulação](/medicamentos/cardiovascular-e-circulacao "Cardiovascular e Circulação" )
      * [Colesterol](/medicamentos/colesterol "Colesterol" )
      * [Diabetes](/medicamentos/diabetes "Diabetes" )
    *       * [Dor e Febre](/medicamentos/dor-e-febre "Dor e Febre" )
      * [Gripe, Febre e Resfriado](/medicamentos/gripe-febre-e-resfriado "Gripe, Febre e Resfriado" )
      * [Homeopatia](/medicamentos/homeopatia "Homeopatia" )
      * [Infecção](/medicamentos/infeccao "Infecção" )
      * [Inflamação](/medicamentos/inflamacao "Inflamação" )
      * [Medicamentos Especiais](/medicamentos/medicamentos-especiais "Medicamentos Especiais" )
      * [Olhos](/medicamentos/olhos "Olhos" )
      * [Osteoporose](/medicamentos/osteoporose "Osteoporose" )
      * [Pare de Fumar](/medicamentos/pare-de-fumar "Pare de Fumar" )
    *       * [Pele](/medicamentos/pele "Pele" )
      * [Processos Alérgicos](/medicamentos/processos-alergicos "Processos Alérgicos" )
      * [Produtos Refrigerados](/medicamentos/produtos-refrigerados "Produtos Refrigerados" )
      * [Saúde da Mulher](/medicamentos/saude-da-mulher "Saúde da Mulher" )
      * [Saúde do Homem](/medicamentos/saude-do-homem "Saúde do Homem" )
      * [Sistema Nervoso](/medicamentos/sistema-nervoso "Sistema Nervoso" )
      * [Tireóide](/medicamentos/tireoide "Tireóide" )
      * [Vermes e Parasitas](/medicamentos/vermes-e-parasitas "Vermes e Parasitas" )
      * [Vitaminas e Minerais](/medicamentos/vitaminas-e-minerais "Vitaminas e Minerais" )

,

    * Banner

      * ![](meu-banner.png)

  * [Dermocosméticos](/dermocosmeticos "Dermocosméticos" )
    *       * [Cabelo](/dermocosmeticos/cabelo "Cabelo" )
      * [Corpo](/dermocosmeticos/corpo "Corpo" )
      * [Mãos](/dermocosmeticos/maos "Mãos" )
      * [Nutri Cosméticos](/dermocosmeticos/nutri-cosmeticos "Nutri Cosméticos" )
      * [Pés](/dermocosmeticos/pes "Pés" )
      * [Proteção Solar](/dermocosmeticos/protecao-solar "Proteção Solar" )
      * [Rosto](/dermocosmeticos/rosto "Rosto" )
    * Banner

      * ![]()

  * [Higiene e Cuidados](/higiene-e-cuidados "Higiene e Cuidados" )
    *       * [Absorvente](/higiene-e-cuidados/absorvente "Absorvente" )
      * [Cuidados com o Cabelo](/higiene-e-cuidados/cuidados-com-o-cabelo "Cuidados com o Cabelo" )
      * [Cuidados Corporais](/higiene-e-cuidados/cuidados-corporais "Cuidados Corporais" )
      * [Cuidados Faciais](/higiene-e-cuidados/cuidados-faciais "Cuidados Faciais" )
      * [Geriátrico](/higiene-e-cuidados/geriatrico "Geriátrico" )
      * [Higiene Oral](/higiene-e-cuidados/higiene-oral "Higiene Oral" )
      * [Higiene Pessoal](/higiene-e-cuidados/higiene-pessoal "Higiene Pessoal" )
      * [Linha Infantil](/higiene-e-cuidados/linha-infantil "Linha Infantil" )
      * [Linha Solar](/higiene-e-cuidados/linha-solar "Linha Solar" )
      * [Manicure e Pedicure](/higiene-e-cuidados/manicure-e-pedicure "Manicure e Pedicure" )
      * [Maquiagem](/higiene-e-cuidados/maquiagem "Maquiagem" )
      * [Saúde e Bem Estar](/higiene-e-cuidados/saude-e-bem-estar "Saúde e Bem Estar" )
    * Banner

      * ![]()

  * [Mãe e Bebê](/mae-e-bebe "Mãe e Bebê" )
    *       * [Acessórios Bebê](/mae-e-bebe/acessorios-bebe "Acessórios Bebê" )
      * [Alimentação Infantil](/mae-e-bebe/alimentacao-infantil "Alimentação Infantil" )
      * [Assaduras](/mae-e-bebe/assaduras "Assaduras" )
      * [Colônia e Hidratante](/mae-e-bebe/colonia-e-hidratante "Colônia e Hidratante" )
      * [Gestante](/mae-e-bebe/gestante "Gestante" )
      * [Hora do Banho](/mae-e-bebe/hora-do-banho "Hora do Banho" )
      * [Pós Banho](/mae-e-bebe/pos-banho "Pós Banho" )
      * [Proteção Contra Insetos](/mae-e-bebe/protecao-contra-insetos "Proteção Contra Insetos" )
      * [Protetor Solar](/mae-e-bebe/protetor-solar "Protetor Solar" )
      * [Saúde Bucal](/mae-e-bebe/saude-bucal "Saúde Bucal" )
      * [Troca do Bebê](/mae-e-bebe/troca-do-bebe "Troca do Bebê" )
    * Banner

      * ![]()

  * [Saúde](/saude "Saude" )
    *       * [Acessórios Diabetes](/saude/acessorios-diabetes "Acessórios Diabetes" )
      * [Acessórios Ouvido](/saude/acessorios-ouvido "Acessórios Ouvido" )
      * [Aparelhos](/saude/aparelhos "Aparelhos" )
      * [Cirúrgicos](/saude/cirurgicos "Cirúrgicos" )
      * [Cuidados com a Casa](/saude/cuidados-com-a-casa "Cuidados com a Casa" )
      * [Inaladores e Umidificadores](/saude/inaladores-e-umidificadores "Inaladores e Umidificadores" )
      * [Meias](/saude/meias "Meias" )
      * [Olhos](/saude/olhos "Olhos" )
      * [Ortopedia](/saude/ortopedia "Ortopedia" )
      * [Primeiros Socorros](/saude/primeiros-socorros "Primeiros Socorros" )
      * [Vida Sexual](/saude/vida-sexual "Vida Sexual" )
    * Banner

      * ![]()

  * [Nutrição](/nutricao "Nutrição" )
    *       * [Adoçante](/nutricao/adocante "Adoçante" )
      * [Alimentos](/nutricao/alimentos "Alimentos" )
      * [Barra de Cereal](/nutricao/barra-de-cereal "Barra de Cereal" )
      * [Bebidas](/nutricao/bebidas "Bebidas" )
      * [Chá](/nutricao/cha "Chá" )
      * [Massa Muscular](/nutricao/massa-muscular "Massa Muscular" )
      * [Mel](/nutricao/mel "Mel" )
      * [Pastilhas e Gomas](/nutricao/pastilhas-e-gomas "Pastilhas e Gomas" )
      * [Suplemento Alimentar](/nutricao/suplemento-alimentar "Suplemento Alimentar" )
    * Banner

      * ![]()

  * [Perfumes](/perfumes "Perfumes" )
  * [Novembro Azul](Novembro Azul "Novembro Azul" )

__ TODO BRASIL Frete Reduzido

__ DESDE 1986 Qualidade e excelência

__ 3x sem juros Compras acima R$ 100

__ OFERECEMOS Pagamento com Boleto

__Frete reduzidopara todo brasil

__3x sem jurosparcela mínima de R$50,00*

__Qualidade e excelênciaTradição desde 1986

__Compra 100% segura

![Farma 22 é E-BIT Ouro ](//farma22.vteximg.com.br/arquivos/bar-home-e-bit-
ouro-farma-22.png)

Buscar no siteBuscarTodo o siteMedicamentosSaúdeHigiene e
CuidadosDermocosméticosMãe e BebêNutriçãoPerfumes

[__() Item() Itens](/checkout/#/cart)

  * [farma22](/ "farma22" )
  * [Nutrição](http://www.farma22.com.br/nutricao "Nutrição" )
  * **[Bebidas](http://www.farma22.com.br/nutricao/bebidas?PS=24 "Bebidas" )**

__Filtrar Produtos

Navegue Refinar Resultado

### [Nutrição](http://www.farma22.com.br/nutricao "Nutrição" )

#### [Bebidas](http://www.farma22.com.br/nutricao "Bebidas" )

Refinar Resultado

##### Marca

BIONATUS (1)DANONE (5)MARCAS DIVERSAS (26)NESTLÉ (3)WOW (15)ZIIN ZIIN (2)

##### Faixa de preço

Ate R$5,00 (50)de R$ 5,00 ate R$ 10,00 (2)

### [Nutrição](http://www.farma22.com.br/nutricao "Nutrição" )

#### [Bebidas (52)](http://www.farma22.com.br/nutricao/bebidas?PS=24 "Bebidas"
)

##### Marca

  * [BIONATUS (1)](http://www.farma22.com.br/nutricao/bebidas/bionatus?PS=24 "BIONATUS" )
  * [DANONE (5)](http://www.farma22.com.br/nutricao/bebidas/danone?PS=24 "DANONE" )
  * [MARCAS DIVERSAS (26)](http://www.farma22.com.br/nutricao/bebidas/marcas-diversas?PS=24 "MARCAS DIVERSAS" )
  * [NESTLÉ (3)](http://www.farma22.com.br/nutricao/bebidas/nestle?PS=24 "NESTLÉ" )
  * [WOW (15)](http://www.farma22.com.br/nutricao/bebidas/wow?PS=24 "WOW" )
  * [ZIIN ZIIN (2)](http://www.farma22.com.br/nutricao/bebidas/ziin-ziin?PS=24 "ZIIN ZIIN" )

##### Faixa de preço

  * [Até R$5,00 (50)](http://www.farma22.com.br/nutricao/bebidas/de-0-a-5?PS=24&map=c,c,priceFrom "Até R$5,00" )
  * [de R$ 5,00 até R$ 10,00 (2)](http://www.farma22.com.br/nutricao/bebidas/de-5,01-a-10?PS=24&map=c,c,priceFrom "de R$ 5,00 até R$ 10,00" )

http://www.farma22.com.br/nutricao/bebidas

## Bebidas

Produtos encontrados: 52 Resultado da Pesquisa por: **** em 489 ms

Ordenar por: Selecione Menor Preço Maior Preço Mais vendidos Melhores
avaliações A - Z Z - A Data de lançamento Melhor Desconto Itens por página:
24 48 72 96

Produtos selecionados para comparar: **0**Comparar

  * ##  [Energético Arretado 50ml](http://www.farma22.com.br/energetico-arretado-50ml/p "Energetico Arretado 50ml" )

[ ](http://www.farma22.com.br/energetico-arretado-50ml/p "Energetico Arretado
50ml" )

[ ![Energetico-
Arretado](http://farma22.vteximg.com.br/arquivos/ids/164225-300-300/7897512900309.jpg)
](http://www.farma22.com.br/energetico-arretado-50ml/p "Energetico Arretado
50ml" )

R$ 5,84

480569117

Comprar

  * 

  * ##  [Água de Coco Kero de Coco 200ml](http://www.farma22.com.br/agua-de-coco-kero-de-coco-200ml/p "Água de Coco Kero de Coco 200ml" )

[ ](http://www.farma22.com.br/agua-de-coco-kero-de-coco-200ml/p "Água de Coco
Kero de Coco 200ml" )

[ ![agua-de-coco-kero-de-coco-
200ml](http://farma22.vteximg.com.br/arquivos/ids/163812-300-300/Agua-de-Coco-
Kero-de-Coco-200mL.jpg) ](http://www.farma22.com.br/agua-de-coco-kero-de-coco-
200ml/p "Água de Coco Kero de Coco 200ml" )

De R$ 4,00

R$ 2,58

480568480

Comprar

  * 

  * ##  [Guaraviton Ginseng 500ml](http://www.farma22.com.br/guaraviton-ginseng-500ml/p "Guaraviton Ginseng 500ml" )

[ ](http://www.farma22.com.br/guaraviton-ginseng-500ml/p "Guaraviton Ginseng
500ml" )

[ ![Guaraviton-Ginseng-
500ml](http://farma22.vteximg.com.br/arquivos/ids/163199-300-300/PROD_131011084749.jpg)
](http://www.farma22.com.br/guaraviton-ginseng-500ml/p "Guaraviton Ginseng
500ml" )

R$ 3,50

480568479

Comprar

  * 

  * ##  [Guaraviton Açaí 500ml](http://www.farma22.com.br/guaraviton-acai-500ml/p "Guaraviton Açai 500ml" )

[ ](http://www.farma22.com.br/guaraviton-acai-500ml/p "Guaraviton Açai 500ml"
)

[ ![Guaraviton-Acai-
500ml](http://farma22.vteximg.com.br/arquivos/ids/163200-300-300/PROD_131011085313.jpg)
](http://www.farma22.com.br/guaraviton-acai-500ml/p "Guaraviton Açai 500ml" )

R$ 3,50

480568478

Comprar

  * 

  * ##  [Água de Coco Sode Coco 330ml](http://www.farma22.com.br/agua-de-coco-sode-coco-330ml/p "Água de Coco Sode Coco 330ml" )

[ ](http://www.farma22.com.br/agua-de-coco-sode-coco-330ml/p "Água de Coco
Sode Coco 330ml" )

[ ![agua-de-coco-sode-coco-
330ml](http://farma22.vteximg.com.br/arquivos/ids/163813-300-300/Agua-de-Coco-
Sode-Coco-330mL.jpg) ](http://www.farma22.com.br/agua-de-coco-sode-coco-
330ml/p "Água de Coco Sode Coco 330ml" )

De R$ 4,50

R$ 3,98

480568475

Comprar

  * 

  * ##  [Água de Coco 200ml](http://www.farma22.com.br/agua-de-coco-200ml/p "Água de Coco 200ml" )

[ ](http://www.farma22.com.br/agua-de-coco-200ml/p "Água de Coco 200ml" )

[ ![agua-de-coco-
200ml](http://farma22.vteximg.com.br/arquivos/ids/163810-300-300/agua-de-coco-
200ml-7246.jpg) ](http://www.farma22.com.br/agua-de-coco-200ml/p "Água de Coco
200ml" )

De R$ 4,00

R$ 2,88

480568473

Comprar

  * 

  * ##  [Gatorade Uva 500ml](http://www.farma22.com.br/gatorade-uva-500ml/p "Gatorade Uva 500ml" )

[ ](http://www.farma22.com.br/gatorade-uva-500ml/p "Gatorade Uva 500ml" )

[ ![Gatorade-Uva-
500ml](http://farma22.vteximg.com.br/arquivos/ids/163120-300-300/PROD_120126235643.jpg)
](http://www.farma22.com.br/gatorade-uva-500ml/p "Gatorade Uva 500ml" )

De R$ 4,99

R$ 3,58

480568465

Comprar

  * 

  * ##  [Gatorade Limão 500ml](http://www.farma22.com.br/gatorade-limao-500ml/p "Gatorade Limao 500ml" )

[ ](http://www.farma22.com.br/gatorade-limao-500ml/p "Gatorade Limao 500ml" )

[ ![Gatorade-Limao-
500ml](http://farma22.vteximg.com.br/arquivos/ids/163118-300-300/PROD_120126234750.jpg)
](http://www.farma22.com.br/gatorade-limao-500ml/p "Gatorade Limao 500ml" )

De R$ 4,99

R$ 3,58

480568463

Comprar

  * 

  * ##  [Energético Arretado Açaí Guaraná 20ml](http://www.farma22.com.br/energetico-arretado-acai-guarana-20ml/p "Energetico Arretado Açai Guarana 20ml" )

[ ](http://www.farma22.com.br/energetico-arretado-acai-guarana-20ml/p
"Energetico Arretado Açai Guarana 20ml" )

[ ![Energetico-Arretado-Acai-Guarana-
20ml](http://farma22.vteximg.com.br/arquivos/ids/158588-300-300/PROD_130830095711.jpg)
](http://www.farma22.com.br/energetico-arretado-acai-guarana-20ml/p
"Energetico Arretado Açai Guarana 20ml" )

R$ 2,80

480563698

Comprar

  * 

  * ##  [Água Mineral Sem Gás Bonafont 1,5L](http://www.farma22.com.br/agua-mineral-sem-gas-bonafont-1-5l/p "Água Mineral Sem Gas Bonafont 1,5L" )

[ ](http://www.farma22.com.br/agua-mineral-sem-gas-bonafont-1-5l/p "Água
Mineral Sem Gas Bonafont 1,5L" )

[ ![Agua-Mineral-Sem-Gas-
Bonafont-1-5L](http://farma22.vteximg.com.br/arquivos/ids/158629-300-300/PROD_150427202232.jpg)
](http://www.farma22.com.br/agua-mineral-sem-gas-bonafont-1-5l/p "Água Mineral
Sem Gas Bonafont 1,5L" )

R$ 5,50

480563595

Comprar

  * 

  * ##  [Água Mineral Sem Gás Bonafont 500ml](http://www.farma22.com.br/agua-mineral-sem-gas-bonafont-500ml/p "Água Mineral Sem Gas Bonafont 500ml" )

[ ](http://www.farma22.com.br/agua-mineral-sem-gas-bonafont-500ml/p "Água
Mineral Sem Gas Bonafont 500ml" )

[ ![Agua-Mineral-Sem-Gas-Bonafont-
500ml](http://farma22.vteximg.com.br/arquivos/ids/158630-300-300/PROD_150427202249.jpg)
](http://www.farma22.com.br/agua-mineral-sem-gas-bonafont-500ml/p "Água
Mineral Sem Gas Bonafont 500ml" )

R$ 2,98

480563594

Comprar

  * 

  * ##  [Água Mineral Com Gás São Lourenço 300ml](http://www.farma22.com.br/agua-mineral-com-gas-sao-lourenco-300ml/p "Água Mineral Com Gas Sao Lourenço 300ml" )

[ ](http://www.farma22.com.br/agua-mineral-com-gas-sao-lourenco-300ml/p "Água
Mineral Com Gas Sao Lourenço 300ml" )

[ ![Agua-Mineral-Com-Gas-Sao-Lourenco-
300ml](http://farma22.vteximg.com.br/arquivos/ids/158561-300-300/Agua-Mineral-
Com-Gas-300-mL-Sao-Lourenco.jpg) ](http://www.farma22.com.br/agua-mineral-com-
gas-sao-lourenco-300ml/p "Água Mineral Com Gas Sao Lourenço 300ml" )

R$ 2,50

480563588

Comprar

  * 

  * ##  [Energético Arretado 20ml Sabor Açaí e Guaraná](http://www.farma22.com.br/energetico-arretado-20ml-sabor-acai-e-guarana/p "Energetico Arretado 20ml Sabor Açai e Guarana" )

[ ](http://www.farma22.com.br/energetico-arretado-20ml-sabor-acai-e-guarana/p
"Energetico Arretado 20ml Sabor Açai e Guarana" )

[ ![energetico-arretado-20ml-sabor-
acai-e-guarana](http://farma22.vteximg.com.br/arquivos/ids/165191-300-300/0000012494170.jpg)
](http://www.farma22.com.br/energetico-arretado-20ml-sabor-acai-e-guarana/p
"Energetico Arretado 20ml Sabor Açai e Guarana" )

[ Avise-me Quando Chegar ](http://www.farma22.com.br/energetico-arretado-20ml-
sabor-acai-e-guarana/p "Energetico Arretado 20ml Sabor Açai e Guarana" )

  * 

  * ##  [Suco de Manga Lata Del Valle 335ml](http://www.farma22.com.br/suco-de-manga-lata-del-valle-335ml/p "Suco de Manga Lata Del Valle 335ml" )

[ ](http://www.farma22.com.br/suco-de-manga-lata-del-valle-335ml/p "Suco de
Manga Lata Del Valle 335ml" )

[ ![suco-de-manga-lata-del-valle-
335ml](http://farma22.vteximg.com.br/arquivos/ids/164949-300-300/7898341430234.jpg)
](http://www.farma22.com.br/suco-de-manga-lata-del-valle-335ml/p "Suco de
Manga Lata Del Valle 335ml" )

[ Avise-me Quando Chegar ](http://www.farma22.com.br/suco-de-manga-lata-del-
valle-335ml/p "Suco de Manga Lata Del Valle 335ml" )

  * 

  * ##  [Red Bull Sugar Free 250ml](http://www.farma22.com.br/red-bull-sugar-free-250ml/p "Red Bull Sugar Free 250ml" )

[ ](http://www.farma22.com.br/red-bull-sugar-free-250ml/p "Red Bull Sugar Free
250ml" )

[ ![red-bull-sugar-free-
250ml](http://farma22.vteximg.com.br/arquivos/ids/164890-300-300/0611269101713.jpg)
](http://www.farma22.com.br/red-bull-sugar-free-250ml/p "Red Bull Sugar Free
250ml" )

[ Avise-me Quando Chegar ](http://www.farma22.com.br/red-bull-sugar-free-
250ml/p "Red Bull Sugar Free 250ml" )

  * 

  * ##  [Água Mineral Prata Sem Gás 1,5L](http://www.farma22.com.br/agua-mineral-prata-sem-gas-1-5l/p "Água Mineral Prata Sem Gas 1,5L" )

[ ](http://www.farma22.com.br/agua-mineral-prata-sem-gas-1-5l/p "Água Mineral
Prata Sem Gas 1,5L" )

[ ![agua-mineral-prata-sem-
gas-1-5l](http://farma22.vteximg.com.br/arquivos/ids/164603-300-300/7897123883022.jpg)
](http://www.farma22.com.br/agua-mineral-prata-sem-gas-1-5l/p "Água Mineral
Prata Sem Gas 1,5L" )

[ Avise-me Quando Chegar ](http://www.farma22.com.br/agua-mineral-prata-sem-
gas-1-5l/p "Água Mineral Prata Sem Gas 1,5L" )

  * 

  * ##  [Água Mineral Com Gás Prata 510ml](http://www.farma22.com.br/agua-mineral-com-gas-prata-510ml/p "Água Mineral Com Gas Prata 510ml" )

[ ](http://www.farma22.com.br/agua-mineral-com-gas-prata-510ml/p "Água Mineral
Com Gas Prata 510ml" )

[ ![agua-mineral-com-gas-prata-
510ml](http://farma22.vteximg.com.br/arquivos/ids/163814-300-300/Agua-Mineral-
Com-Gas-510-mL-Prata.jpg) ](http://www.farma22.com.br/agua-mineral-com-gas-
prata-510ml/p "Água Mineral Com Gas Prata 510ml" )

[ Avise-me Quando Chegar ](http://www.farma22.com.br/agua-mineral-com-gas-
prata-510ml/p "Água Mineral Com Gas Prata 510ml" )

  * 

  * ##  [Água de Coco Kero Coco 1L](http://www.farma22.com.br/agua-de-coco-kero-coco-1l/p "Água de Coco Kero Coco 1L" )

[ ](http://www.farma22.com.br/agua-de-coco-kero-coco-1l/p "Água de Coco Kero
Coco 1L" )

[ ![Agua-de-Coco-Kero-Coco-
1L](http://farma22.vteximg.com.br/arquivos/ids/163639-300-300/7896828000239.jpg)
](http://www.farma22.com.br/agua-de-coco-kero-coco-1l/p "Água de Coco Kero
Coco 1L" )

[ Avise-me Quando Chegar ](http://www.farma22.com.br/agua-de-coco-kero-coco-
1l/p "Água de Coco Kero Coco 1L" )

  * 

  * ##  [Água de Coco DuCoco 330ml](http://www.farma22.com.br/agua-de-coco-ducoco-330ml/p "Água de Coco DuCoco 330ml" )

[ ](http://www.farma22.com.br/agua-de-coco-ducoco-330ml/p "Água de Coco DuCoco
330ml" )

[ ![agua-de-coco-ducoco-
330ml](http://farma22.vteximg.com.br/arquivos/ids/163811-300-300/Agua-de-Coco-
DuCoco-330mL.jpg) ](http://www.farma22.com.br/agua-de-coco-ducoco-330ml/p
"Água de Coco DuCoco 330ml" )

[ Avise-me Quando Chegar ](http://www.farma22.com.br/agua-de-coco-ducoco-
330ml/p "Água de Coco DuCoco 330ml" )

  * 

  * ##  [Água de Coco 1L](http://www.farma22.com.br/agua-de-coco-1l/p "Água de Coco 1L" )

[ ](http://www.farma22.com.br/agua-de-coco-1l/p "Água de Coco 1L" )

[ ![Agua-de-Coco-
1L](http://farma22.vteximg.com.br/arquivos/ids/163217-300-300/PROD_131107084133.jpg)
](http://www.farma22.com.br/agua-de-coco-1l/p "Água de Coco 1L" )

[ Avise-me Quando Chegar ](http://www.farma22.com.br/agua-de-coco-1l/p "Água
de Coco 1L" )

  * 

  * ##  [Suco Maguary Tangerina 335ml](http://www.farma22.com.br/suco-maguary-tangerina-335ml/p "Suco Maguary Tangerina 335ml" )

[ ](http://www.farma22.com.br/suco-maguary-tangerina-335ml/p "Suco Maguary
Tangerina 335ml" )

[ ![Suco-Maguary-Tangerina-
335ml](http://farma22.vteximg.com.br/arquivos/ids/163612-300-300/Suco-Maguary-
335mL-Tangerina.jpg) ](http://www.farma22.com.br/suco-maguary-tangerina-
335ml/p "Suco Maguary Tangerina 335ml" )

[ Avise-me Quando Chegar ](http://www.farma22.com.br/suco-maguary-tangerina-
335ml/p "Suco Maguary Tangerina 335ml" )

  * 

  * ##  [Suco Maguary Maracujá 335ml](http://www.farma22.com.br/suco-maguary-maracuja-335ml/p "Suco Maguary Maracuja 335ml" )

[ ](http://www.farma22.com.br/suco-maguary-maracuja-335ml/p "Suco Maguary
Maracuja 335ml" )

[ ![Suco-Maguary-Maracuja-
335ml](http://farma22.vteximg.com.br/arquivos/ids/163611-300-300/Suco-Maguary-
335mL-Maracuja.jpg) ](http://www.farma22.com.br/suco-maguary-maracuja-335ml/p
"Suco Maguary Maracuja 335ml" )

[ Avise-me Quando Chegar ](http://www.farma22.com.br/suco-maguary-maracuja-
335ml/p "Suco Maguary Maracuja 335ml" )

  * 

  * ##  [Água Mineral Com Gás Crystal 500ml](http://www.farma22.com.br/agua-mineral-com-gas-crystal-500ml/p "Água Mineral Com Gas Crystal 500ml" )

[ ](http://www.farma22.com.br/agua-mineral-com-gas-crystal-500ml/p "Água
Mineral Com Gas Crystal 500ml" )

[ ![Agua-Mineral-Com-Gas-Crystal-
500ml](http://farma22.vteximg.com.br/arquivos/ids/163114-300-300/PROD_120126221836.jpg)
](http://www.farma22.com.br/agua-mineral-com-gas-crystal-500ml/p "Água Mineral
Com Gas Crystal 500ml" )

[ Avise-me Quando Chegar ](http://www.farma22.com.br/agua-mineral-com-gas-
crystal-500ml/p "Água Mineral Com Gas Crystal 500ml" )

  * 

  * ##  [Água Mineral Copo Crystal 310ml](http://www.farma22.com.br/agua-mineral-copo-crystal-310ml/p "Água Mineral Copo Crystal 310ml" )

[ ](http://www.farma22.com.br/agua-mineral-copo-crystal-310ml/p "Água Mineral
Copo Crystal 310ml" )

[ ![Agua-Mineral-Copo-Crystal-
310ml](http://farma22.vteximg.com.br/arquivos/ids/163113-300-300/PROD_120126215540.jpg)
](http://www.farma22.com.br/agua-mineral-copo-crystal-310ml/p "Água Mineral
Copo Crystal 310ml" )

[ Avise-me Quando Chegar ](http://www.farma22.com.br/agua-mineral-copo-
crystal-310ml/p "Água Mineral Copo Crystal 310ml" )

  * 

Produtos encontrados: 52 Resultado da Pesquisa por: **** em 489 ms

Ordenar por: Selecione Menor Preço Maior Preço Mais vendidos Melhores
avaliações A - Z Z - A Data de lançamento Melhor Desconto Itens por página:
24 48 72 96

Produtos selecionados para comparar: **0**Comparar

__

### Receba novidades e ofertas com até 50% de desconto no seu e-mail!

OK

### Redes Sociais

[__](https://twitter.com/farma22 "Twitter" )

[__](https://www.facebook.com/farma22online "Facebook" )

[__](https://plus.google.com/+Farma22Br "Google Plus" )

[__](http://dicas.farma22.com.br "Blog da Farma 22" )

[__](https://www.youtube.com/channel/UCd1iItXttCWfr-TcsZZ3DVw "Youtube" )

  * Institucional

    * [Sobre a Farma 22](/institucional/sobre-a-farma-22 "Sobre a Farma 22" )
    * [Horário de Atendimento](/Institucional/horario-de-atendimento "Horario de atendimento" )
    * [Trabalhe Conosco](/Institucional/trabalhe-conosco "Trabalhe Conosco" )
  * Dúvidas

    * [Privacidade e Sergurança](/Institucional/privacidade-e-seguranca "Privacidade e Segurança" )
    * [Frete](/Institucional/frete "Frete" )
    * [Política de Pagamento](/Institucional/politica-de-pagamento "Politica de Pagamento" )
    * [Trocas e Devoluções](/Institucional/troca-e-devolucao "Troca e Devolução" )
    * [Dúvidas Frequentes](/institucional/duvidas-frequentes "duvidas frequentes" )
  * Minha Conta

    * [Minha Conta](http://farma22.vtexcommercestable.com.br/login?ReturnUrl=/account/ "Minha Conta" )
    * [Meus Pedidos](http://farma22.vtexcommercestable.com.br/login?ReturnUrl=/account/orders "Meus Pedidos" )
    * [Rastrear Meu Pedido](/institucional/rastrear-meu-pedido "Rastrear Meu Pedido" )

### Formas de Pagamento

  *   *   *   *   *   *   * 

### Compra 100% Segura

  * [](http://www.ebit.com.br/#farma-22)
  * [![Loja Confiável](http://service.yourviews.com.br/Image/d8f4f406-5164-4042-81aa-a7fe0ec787f0/Footer.jpg)](http://lojaconfiavel.yourviews.com.br/FARMA22)
  *   * 

![Farma 22](//farma22.vteximg.com.br/arquivos/far.bel.footer.logo.png)

A **Farma 22** é uma **Farmácia e Drogaria Online**. Encontre aqui uma linha
completa de medicamentos e genéricos, produtos de beleza e higiene pessoal,
além de dermocosméticos, produtos cirúrgicos e ortopédicos e itens para
cuidados com mãe e bebê. Aproveite as **vantagens de comprar na farmácia
online**:  entrega rápida para São Paulo e todo Brasil, informações sobre
saúde e farmacêuticos à disposição para tirar suas dúvidas! **Farma 22, a sua
farmácia online**! Telefone: (11) 2463-3299 / Horário de funcionamento Segunda
a sabado das 7h às 22h

DROGARIA VINTE E DOIS DE SETEMBRO LTDA | CNPJ: 02.140.522/0001-14 | IE:
336457582118 | IM: 77.736-66  
Rua São Vicente de Paula, 229 - Centro - CEP: 07012-071 - Guarulhos – São
Paulo  
Farmacêutico Responsável: Dr. Eder Bezerra Miro do Amaral CRF/SP – 84.749 |
CMVS: 351880001-477-000429-1-9 | Autorização MS: 0.28310.7

Farma 22 - Todos os Direitos Reservados

Todo o conteúdo deste site é de propriedade da Drogaria Vinte e Dois de
Setembro Ltda. É expressamente proibida a reprodução total ou parcial, mesmo
citando a fonte.

[](http://www.digitalm3.com.br "Agencia digital M3"
)[](http://www.vtex.com.br)[](http://www.quatrodigital.com.br "Implantadores
Especialistas VTEX" )

### novidades

Receba novidades e promoções por email:

